サークル名,会場,スペース,ジャンル,description
ビ ビ ビ ビ ッ ト ！！,一展,A-01a,［マルチメディア］その他ノンジャンル,ビビッドカラー×ビビッ！とくるような作品を作ってます！ オリジナルデザインのカセットテープ、レコードのキーホルダー、アクリルで作ったCDやラジカセのアクセサリーなど、オリジナルの音楽雑貨を作ってます！
あいさつ部,一展,A-01b,［音楽］テクノ・クラブ,あいさつとあくしゅ ゲームをおともだちとするときは、はじめに「よろしくおねがいします」とあいさつをして、あくしゅをしましょう。
Spactacle Markets,一展,A-02ab,［音楽］テクノ・クラブ,エハラミオリ & mycobeats
upplizm,一展,A-03ab,［音楽］テクノ・クラブ,音楽サークル「upplizm」　クラブミュージックをメインにアルバムを制作しています。今回のテーマは「2025年M3で一番泣けるアルバム」最高の音楽を届けます！
Channel For Rent,一展,A-04ab,［音楽］テクノ・クラブ,東京都大田区にあるクリエイティブなことに関心のあるレンタルスペースをベースにした、テクノミュージック系の音源をリリースするサークルです。
T-J,一展,A-05a,［音楽］テクノ・クラブ,めざせ、オンガクマスター！T-Jが主宰する音楽サークルです。記憶に残るサウンドを作ります。
Neotopia Sounds,一展,A-05b,［音楽］テクノ・クラブ,青森県・VRChatで活動するSanotchによる個人サークル。Hardcore Techno、Trance、Drum&Bass等のDJユースなクラブミュージックをメインに、ジャンルを問わず様々な楽曲を制作している。
wavforme,一展,A-06ab,［音楽］テクノ・クラブ,"Bass music Compilation ""BASS ATTACK 2""
Hard Groove Compilation ""EXCESS NRG 3""
2作品を頒布します。
またVNGD ""VANGUARD""も合わせて取り扱います。"
GLITCH,一展,A-07a,［音楽］テクノ・クラブ,"GLITCH NEWアルバムMIDNIGHT GALAXY
よろしくお願いします"
NQMR record,一展,A-07b,［音楽］テクノ・クラブ,初参加です。 「ゆめかわいい」をコンセプトにしたエレクトロミュージックのEPをリリースします。
Unity of Raw,一展,A-08ab,［音楽］テクノ・クラブ,日本唯一のRawstyle専門レーベルとして、その魅力を世界に発信し続けています。
Duke Takazawa Sound Lab,一展,A-09a,［音楽］テクノ・クラブ,ポップなノリと、グルーヴ感あふれるサウンドを追求したハウスミュージック
CODE-49,一展,A-09b,［音楽］テクノ・クラブ,LV.4の同人音楽サークル。トランス＆ハードコア＆サイケ中心。オリジナル・東方・ボカロ・音ゲーの曲など。チュウニズムやオンゲキや他音ゲーに提供した楽曲などあります。
JJ from CYBERIA,一展,A-10ab,［音楽］テクノ・クラブ,"アニメ『シリアルエクスペリメンツレイン』にDJ JJ役で出演しサントラも手掛けたWASEI ""JJ"" CHIKADAがM3に登場！！アニメの舞台「クラブサイベリア」をイメージした「Cyberia Layerシリーズ」最新作「Cyberia Layer:06（CD）」や「JJ's EP001 ""Full Range, Full Motion（12inch record）」の他、安倍吉俊氏によるジャケットアートをデザインした帆布レコードバックやTシャツ、缶バッジ、ホログラムステッカーなどを販売します。"
circumstance,一展,A-11a,［音楽］テクノ・クラブ,electronica / ambient / technoなどのアーティスト達による集まりです。
ぴのすけ酒店,一展,A-11b,［音楽］テクノ・クラブ,今回も懲りずにトランスとハウスを作ってみましたので、手に取ってもらえたら嬉しいです。
PRIDASK,一展,A-12ab,［音楽］テクノ・クラブ,PRIDASK(プライダスク)とは、Aikapin (Vocal)とTomoyuki Sakakida(Producer)からなる2人組の音楽ユニット。音楽ゲーム等への楽曲提供も精力的に行う。
名大作曲・DJ サークル Anti-Aging Record,一展,A-13a,［音楽］テクノ・クラブ,"名古屋大学公認のDTM, DJサークル「Anti-Aging Record」です！部員たちが腕によりをかけて作った様々な作品をぜひお楽しみください！"
Fujimi Industry Records,一展,A-13b,［音楽］テクノ・クラブ,デジタルハードコア、テラーコア、スピードコア等ハードコアテクノの中でも特に危険なモノを扱っております！！
Cosmo Burst,一展,B-01b,［音楽］テクノ・クラブ,君は小宇宙を感じたことがあるか？をモットーに音楽を作っています。
Chemical Ginger Love,一展,B-02a,［音楽］テクノ・クラブ,2021年日本にある愛知県名古屋市で活動を開始。サウンドプロデューサーInami、ボーカリストHonoka、ディレクターPerによるプロジェクト。
STAR STATION,一展,B-02b,［音楽］テクノ・クラブ,神秘的なサウンドでみんなを宇宙へ導きます！
ファンタスティック天然御水屋さん,一展,B-03a,［音楽］テクノ・クラブ,サークル初参加！ゆったり(?)エレクトロ・テクノ・ノイズ系新譜です！（サークル登録時から方向性が大きく変わりました。）帰りに気持ちよく蕎麦を食べたいです。
Ved ”A” Works,一展,B-03b,［音楽］テクノ・クラブ,ダブステップ・ハードスタイル・ハードテクノ系など多くの攻撃的な音楽ジャンルの精鋭を集め、ハイクオリティな作品をリリースします。
Over The Coffee,一展,B-04b,［音楽］テクノ・クラブ,トロピカルハウスのオリジナル曲を作っているサークルです。
signal:200X,一展,B-05a,［音楽］テクノ・クラブ,YakumoによるHardcore中心のCDを頒布します。（初出展）
JAPAN MAKINA CLUB,一展,B-05b,［音楽］テクノ・クラブ,日本発、マキナのプラットフォーム
p0cketworks,一展,B-06a,［音楽］テクノ・クラブ,P0cketの個人サークルです。やっぱり、ブレイクビーツが好き。
第 1152 世界線,一展,B-06b,［音楽］テクノ・クラブ,全曲インストゥルメンタル（歌が入っていません）。作業や読書のおともにどうぞ。作曲、ジャケット画像・デザイン、CDへの書き込み等の作業をすべて一人でやっています
Maple CANE.,一展,B-20a,［音楽］テクノ・クラブ,透き通る世界。エモさ、力強さのある楽曲を主に制作しております。新作のタイトル「REFLECT」は、反映や反響を意味しています。この意味を表現した楽曲になっていますので、是非ご視聴ください。
タカハシルイ,一展,B-20b,［音楽］テクノ・クラブ,タカハシルイと申します。激しい音楽をよく作ります。M3初参加！とても楽しみですっ！！よろしくお願いいたします！！！！
Stardrop Records,一展,B-21a,［音楽］テクノ・クラブ,キャッチーで泣いちゃうような音楽を発信するネットレーベル
Full Metal Blanket,一展,B-21b,［音楽］テクノ・クラブ,四つ打ちのテクノをメインでつくっています
RAMne project,一展,B-22a,［音楽］テクノ・クラブ,"楽曲制作サークル【RAMne project】です！「クラブとDJが好きな女の子""音無める""を取り巻く音楽」とダンスミュージックを頒布予定です。"
TECHNO ALLIANCE,一展,B-22b,［音楽］テクノ・クラブ,テクノパーティとテクノトラックメイカー連動企画「Techno Alliance」です。テクノのコンピレーションを作っています。
up lug records,一展,B-23a,［音楽］テクノ・クラブ,2018年に創立。KAHの個人レーベルです。ブチ上がるエレクトロな音楽を皆様に提供いたします。
WitChoirRecords,一展,B-23b,［音楽］テクノ・クラブ,Trance屋　始めました :-)
PANNA RECORD,一展,B-24a,［音楽］テクノ・クラブ,Funkotのシングル集を頒布予定です
BLCKLOUDS,一展,B-24b,［音楽］テクノ・クラブ,終末形ディストピアコンピです
くっつり会,一展,C-01a,［音楽］テクノ・クラブ,我々に残されているのはごく僅かな悪意と、それを必死で覆い隠そうとする偽善と死のみだ。我々は、くっつり会。次は、灰色の桜舞うあの丘で。
作曲研究会 FancyRecords,一展,C-01b,［音楽］テクノ・クラブ,法政大学の小金井キャンパスを中心にDTMやDJを中心に活動をしているサークルです！ボカロ、クラブ、バンド曲等さまざまなジャンルの楽曲を作成しています！
idk Records,一展,C-02a,［音楽］テクノ・クラブ,DTMがidkな人たちの集まりです。
PLNT.,一展,C-02b,［音楽］テクノ・クラブ,無機質さと優しさを兼ね備えた音楽を作ってます。
VIBES MONSTER RECORDS,一展,C-03a,［音楽］テクノ・クラブ,バイブスアゲアゲ音楽を出しますです！
夕暮アトリエ,一展,C-03b,［音楽］テクノ・クラブ,Mizuki HalcyとYuKiMuMaの個人サークルです
Lost Garden Records,一展,C-04a,［音楽］テクノ・クラブ,ダンスミュージックを色彩豊かにお届けします。
Rainy Moon Recordings,一展,C-04b,［音楽］テクノ・クラブ,mistyminds solo works (主にインストtechno/house/electronic) / spyrograph (男女Vo Rap & pops)
Dorakura Records,一展,C-05a,［音楽］テクノ・クラブ,治安悪いMusic is 最高！！
Lights Garden,一展,C-05b,［音楽］テクノ・クラブ,クラブサウンド調をベースとしたキャッチーなサウンドを展開します。
NUS_0x40,一展,C-06a,［音楽］テクノ・クラブ,90~00年代のゲームカルチャーに影響を受けた作品を制作しています。
Embers Melody,一展,C-06b,［音楽］テクノ・クラブ,Melodic Progressive Houseを中心にコンピレーションアルバムを制作しています。
NO TITLE,一展,C-07a,［音楽］テクノ・クラブ,H.P.ラヴクラフトの小説、クトゥルフ神話をモチーフにしたダークっぽいアンビエントだらけです
STRLabel,一展,C-07b,［音楽］テクノ・クラブ,オリジナル・モダン・クラブミュージックを制作するレーベルです。
Aris Records,一展,C-08a,［音楽］テクノ・クラブ,"私たち「Aris Records」は版権コンテンツへの""愛""を込めた二次創作を行うサークルです！ 今回もブルーアーカイブへの愛を込めたリミックスコンピレーションを頒布予定です！"
ねこノル源泉かけ流し,一展,D-03a,［マルチメディア］YouTuber/VTuber,M3初参戦！EMOVEという個人Vtuberグループで活動中の【ねこれ】と【閃光ノルナ】です(=^・^=)仲良しなので二人で曲出しました！ﾌﾞｲ☆
NirvaRec,一展,D-03b,［マルチメディア］YouTuber/VTuber,シティポップからEDMまでVSingerのオリジナル楽曲をリリースしているVirtual音楽レーベル
音 町 フォーリー研究室,一展,D-04ab,［音響］その他,アニメ・ゲームなどで使えるロイヤリティーフリー効果音ライブラリーを現役のフォーリーアーティストが製作
WHISMR,一展,D-05ab,［マルチメディア］ハードウエア・楽譜・書籍,"〈ウイスマー〉W-BM1は、バイノーラル・ASMR録音の楽しみ方を、アウトドアに持ち出す、全く新しいマイクロフォンシステムです。ASMRはもとより、例えばライブ演奏や、自然の音、電車の音、運動会の声援、発表会の緊張感など一般的なステレオマイクでは、とらえきれないあなたの周りの圧倒的な臨場感を〈ウイスマー〉なら手軽に楽しめます！
M3では、オーディオI/Fを内蔵した小型軽量バイノーラルマイク、WHISMR〈ウイスマー〉W-BM1の展示及びデモを行います。実機に触れるチャンスですので是非ご来場してください。"
RPLAY × PROMISU,一展,D-06ab,［マルチメディア］YouTuber/VTuber,こんにちは！VtuberエンターテイメントPROMISUです。 今回、RPLAY様のご協力をいただき、m3に参加することになりました。 所属Vtuberの様々なグッズを販売する予定ですので、よろしくお願いします！
脳汁ドロップ,一展,D-07ab,［音響］ドラマ・トーク（放送劇・声優等）,成人向け音声作品サークル「脳汁ドロップ」です！なんと今年の5月で５周年を迎えるということで今回のM3はとっても張り切っております！新作の音声作品＆星羅あかねのグッズまで準備してお待ちしております！
fairy fox,一展,D-08ab,［音響］ドラマ・トーク（放送劇・声優等）,声優と音響家からなるオーディオドラマサークルです。今回もオーディオドラマを多数ご用意しております。力を入れた声と音を是非お楽しみください！
あぁるご拍子 - ArLgorhythm,一展,D-09a,［音楽］テクノ・クラブ,あぁるごんとつなさんの二人と愉快な仲間たちによるハードコアからチップチューンまで全てをやっているサークル！
Euphoric Inari,一展,D-09b,［音楽］テクノ・クラブ,inaharuによる個人サークルです！四つ打ち大好きです
瓦礫の城のアビス,一展,D-10a,［音楽］テクノ・クラブ,2024年秋始動。｢2次元×ガールクラッシュ｣をコンセプトに活動する同人音楽サークル。
ABYSSUM,一展,D-10b,［音楽］テクノ・クラブ,BASSMUSIC FROM ABYSS
ハッピーグルーヴ製作委員会,一展,D-11ab,［音楽］テクノ・クラブ,普段は阿佐ヶ谷DRIFTというクラブにて多様で幅広い音楽ジャンルを体験できる場を提供すること、また音楽の楽しさを伝えることをコンセプトに音楽イベント「ハッピーグルーヴ」を開催しています。
OX-project,一展,D-12ab,［音楽］テクノ・クラブ,なんか変なことやってるサークルです
憶月フィーカ／ biophoton records,一展,D-13a,［マルチメディア］YouTuber/VTuber,VTuber・ボカロP・映像制作… ねこ以外だれもいなくなった終末世界から、さみしいときに聴ける音楽や物語を配信しています。※イベントには現実世界の憶月フィーカが参加します。
eVirite,一展,D-13b,［マルチメディア］YouTuber/VTuber,Music & VTuberを主軸に「永遠に輝きつづける宝石のようなコンテンツ＝eVirite」をお届けします！　人気VTuber7名をヴォーカルに招いたポップスアルバム第2弾を頒布！
esora uma,一展,D-14ab,［マルチメディア］YouTuber/VTuber,リアルとバーチャルを行き来するシンガーソングライターesora umaの作品を頒布します。
C-CLAYS,一展,D-15a,［マルチメディア］YouTuber/VTuber,Vtuber、歌い手、アーティストを歌姫に迎えた、オリジナル楽曲CDを頒布します。個性あふれる４３名のヴォーカルによる共演を、ぜひお聴きください！
拠鳥きまゆ／ P-guin Shop M3 支 店,一展,D-15b,［マルチメディア］YouTuber/VTuber,「ぼくがきみのヒーローになる。」──そんな夢と共に歌う音楽を、お楽しみください。
Takanashi Haruka,一展,D-16a,［マルチメディア］YouTuber/VTuber,ダンスミュージック的なバックグラウンドをもち、リアルとバーチャルをいったりきたり。小鳥遊 遥による、2ndアルバムを頒布します！
静岡大学コンテンツ制作サークル ICON,一展,E-08b,［アニメ・ゲーム］音ゲー,静岡大学コンテンツ制作サークルICONです！今回のテーマは「遊園地」！「音」×「楽」しいで創られる「音楽」の世界！ちょっと特別な楽しい世界をお楽しみに！
水彩アトリエ,一展,E-09a,［アニメ・ゲーム］音ゲー,渋谷系ユニット「Retropolitaliens」の作品などを頒布しています。
Noisy company,一展,E-09b,［アニメ・ゲーム］音ゲー,はじめまして！今回が初参加になるNoisy companyです。音ゲーlike楽曲を主に作成しているKaomoziと、テクノやアンビエントなど多彩な作品を制作するR-Araiとの合同サークルです。
イシダのミュージック,一展,E-10a,［アニメ・ゲーム］音ゲー,こんにちは！ 普段はYouTubeでチュートリアル動画を投稿しています。 このたびBass musicを中心としたアルバムを制作しました！皆さん必ず気にいると思いますので是非僕のCDを手に取って頂きたいです！
KUROSHIRO,一展,E-10b,［アニメ・ゲーム］音ゲー,KUROSHIROは、BMSでの活動を中心とした ミュージック・サークルです。 Re:gats&、Nego_tiator、tanacoro、MUSH.Tがそれぞれ 個性豊かな作品を創作していきます。
このねこかわいい。,一展,E-11a,［アニメ・ゲーム］音ゲー,ねこやなです！！！！！！新譜アリ！！！！！！！！
KLAMNOP NEXT,一展,E-17a,［アニメ・ゲーム］音ゲー,Yu_Asahina / orangentle のソロアルバムや、渋谷系コンピレーションアルバムなどを頒布します。
ushiee,一展,E-17b,［アニメ・ゲーム］アニメソング,新譜と旧譜を持ってきます！
Project B-idol,一展,E-18a,［アニメ・ゲーム］アニメソング,リン（CV. 愛原ありさ）、アメリア（CV. 吉武千颯）、ソフィア（CV. 長久友紀）、ヨウラン（CV. 西尾夕香）、カミーユ（CV. 音羽里奏）、エマ（CV. 長谷川玲奈）によるアイドルユニットのCDやグッズなどを頒布します。
Blue Ignaz,一展,E-18b,［アニメ・ゲーム］アニメソング,普段はVtuberさん向けにキラキラした楽曲や電波楽曲などを制作しております♪
けーえぬ P のサークル,一展,E-19a,［アニメ・ゲーム］アニメソング,作曲家のけーえぬPです！！！キラキラしていてちょっとせつない、そんな女性ボーカルのポップスを取り揃えてお待ちしています☆
ろくげん堂,一展,E-19b,［アニメ・ゲーム］アニメソング,「ugumugu」（うぐむぐ）というユニットで音楽を作っています！作編曲家・ギタリスト「odasis（おだしす）」によるサークルです！
ばくちゃんワークショップ現実出張所,一展,E-20a,［アニメ・ゲーム］アニメソング,バーチャルYouTuberのSCPとして知られる一富士ばくぅ(SCP-6777)がM3に進出！CDやアクリルキーホルダー、新商品も売ってます♪可愛さだけじゃない、秘密もいっ
ニューメラスエンターテイメント,一展,E-20b,［アニメ・ゲーム］アニメソング,高林治紀の個人音楽サークル「ニューメラスエンターテイメント」です！キラキラkawaii音楽をおとどけデリバリーします！今回の新譜は歌もの！
シン大和工房,一展,E-21a,［アニメ・ゲーム］アニメソング,特撮・アニメ・ゲームソングのカバーサークルです。仮面ライダー・ガンダムなど、男性向け作品を中心に幅広い音楽アレンジでお届けします。
Planeta Garden,一展,E-21b,［アニメ・ゲーム］アニメソング,物語音楽サークルです。女声ボーカルメイン。ロックでポップでクラシックな音楽作っています。
コバオトバコ,一展,E-22a,［アニメ・ゲーム］アニメソング,アニソンやゲームソングのジャズアレンジ曲を頒布しようと思っています。
Uptown Jazz Underground,一展,E-22b,［アニメ・ゲーム］アニメソング,アニメソングの生演奏ジャズアレンジをやってます。今回は新譜を頒布します！
AugMates,一展,E-23a,［アニメ・ゲーム］アニメソング,Aug meets Girl をコンセプトに青春ポップスをお届けします!
工房のすみっこで草でも食べておれ,一展,E-23b,［アニメ・ゲーム］アニメソング,歌やバイオリンでアニソンやゲーム音楽を演奏したCDを頒布します。
I O ＊ light,一展,E-24ab,［アニメ・ゲーム］アニメソング,IO*light（アイオライト）です！今回は架空アニメのOP・EDをテーマにしたアルバムを制作しました！東方アレンジやブルアカアレンジの同人CDもあるので是非お立ち寄りください…！！
くたくた煮,一展,F-01a,［アニメ・ゲーム］音ゲー,Qutabireです。ファンタジーな音楽を作っています！
chick tale,一展,F-01b,［アニメ・ゲーム］音ゲー,しーけーです。三拍子や民族系など。
MintJam,一展,F-02ab,［音楽］ロック,音楽ユニットMintJam！
Return 0 Records,一展,F-03a,［音楽］ロック,闇のヘヴィメタル
Daxchie Box,一展,F-12b,［音楽］ロック,"埼玉の1つ1つの市町村をテーマにしたメタルコア系を中心としたギターインスト作品をリリースしています。第4弾を発売です。今回は激しいサウンドから落ち着いた楽曲も用意しています！
埼玉を冒険しているような感覚を味わってもらえたらと思います。"
JIMANG,一展,F-13ab,［音楽］ポップス,シンガーソングライターJIMANG
ゲンキ会 Japan 支 部,一展,F-14ab,［音楽］ロック,YouTubeで人気のDTMアーティスト森田がボーカロイドを使ったロック楽曲を制作しております。聴いている方が元気になれるような明るい曲が中心です。
ARSEMYTH,一展,F-15a,［音楽］ロック,ベースとギターのユニットです！
AIHISNA,一展,F-15b,［音楽］ロック,シンフォニックでメタルな曲を作っています。
The Ebon Incarnate,一展,F-16a,［音楽］ロック,非正統派な要素だらけのメロディックデスメタルプロジェクト。
ジミコスキー,一展,F-16b,［音楽］ロック,iOSのkorggadgetで変拍子多めのプログレ曲を作っています！プログレ、変拍子好きな方は是非ともお越しください！
二ノ宮はぐ,一展,F-17a,［音楽］ロック,少女らしい歌声に力強い歌唱が特徴の歌い手出身アーティスト: 二ノ宮はぐによるオリジナルアルバム、EPの販売を行います。
砂 梛,一展,F-17b,［音楽］ロック,ロックギターインストを頒布します！（爽やかでメロディアスなオリジナル曲です）ロックを軸にあとは何でもあり！エリック・ジョンソン好きの方にも是非！
浦見魔子ちゃんねる,一展,F-18a,［音楽］ロック,"君の孤独に寄り添う「愛と平和のロックンロール」
ついでにポップでパンクでジャンクでキュート!おまけにドープ!!
北の自称バーチャル軍団が、遂にM3初参加。
「君の絶望は救えやしないけど、浦見はいつでもここにいるぜ!魂!!」"
mootoise ／ Waku,一展,F-18b,［音楽］ロック,"ロックバンドMarie LouiseのVo&Gtを務めるワクが新たに始めたソロプロジェクトmootoise(ムータス)。ヒトが自然に還ることをテーマにしている。
4/20- 1st album 各種サブスクにて配信開始"
CATGOD,一展,F-19a,［音楽］ロック,B級シンフォニックパワーメタル、Synthesizer Vの童謡メタルもあります。
Syntilance,一展,F-19b,［音楽］ロック,ヘヴィメタルとヴィジュアル系、アニソンの影響を受けた女性2人組ユニットSyntilance（シンティランス）です。メロディックかつシンフォニックな楽曲をお届けします。新譜の2ndミニアルバム頒布予定！
PSYDOLL,一展,F-20a,［音楽］ロック,東京生レ世界育ち女声Vo＋歪み轟音Gユニット。80'sNW、90's Industrial Metal、PostPunk、Shoe Gazer を独自のジャパニメーション的解釈で再結晶させた楽曲を展開。ジャケ装画/千之ナイフ
Re=eN,一展,F-20b,［音楽］ロック,ロックユニットRe=eNです。女性ボーカルオリジナルロックメインで楽曲制作しています。
forest,一展,F-21ab,［音楽］ロック,歌手・はなの個人サークルです。新譜出しますー！
Suparnaturalz,一展,F-22a,［音楽］ロック,"オルタナティブロック、ハードロック、パンク、ラウドロック全てのジャンルを超越したスーパー個人ロックバンド”Suparnaturalz""(スーパーナチュラルズ)！！ご試聴だけでもお気軽にどうぞ！！"
ヒオノオト,一展,G-15a,［音楽］クラシック・ジャズ・環境音楽等,配信や動画の素材として利用可能な楽曲を提供します。和風、民族音楽、かわいい系、バトル系などいろんな雰囲気の曲を作っています。
ナナとのプロジェクト,一展,G-15b,［音楽］クラシック・ジャズ・環境音楽等,音楽で紡がれる、或る少女と大地の物語。30名超えの作曲家たちで作るコンピもあります！！
光 源,一展,G-16a,［音楽］クラシック・ジャズ・環境音楽等,生音がある電子音楽をお届けします
牛小屋さん,一展,H-07b,［音楽］クラシック・ジャズ・環境音楽等,オリジナルのインスト曲を制作しています。ミニアルバム2作品を頒布予定です。
love solfege,一展,H-08ab,［音楽］クラシック・ジャズ・環境音楽等,メジャーアルバムや自主制作作品制作を中心に活動している音楽ユニット。「クラシカルアートポップス」と称される、クラシック音楽とロック、ポップス、R&B等を融合させた新しいコンセプトを創出する。
外柿山,一展,H-09a,［音楽］クラシック・ジャズ・環境音楽等,令和07年は昭和100年！　新譜は『昭和百年奉祝合同』です。権太夫のオリジナル交響曲第2弾と新作雅楽。ゲストは漉餡・森の子リスのミーコの大冒険・來奈津・村野零太郎（敬称略）の4名です。
ギンとクウ,一展,H-09b,［音楽］クラシック・ジャズ・環境音楽等,ギンとクウ代表のみみです♪今回は私のおばの家の猫のギン、犬のクウをテーマにしたピアノ曲、組曲｢ギンとクウ｣を頒布します。かわいいサウンドになっているので来てくれた方に楽しんでもらえたら嬉しいです！
くじら音楽部,一展,K-01b,［音楽］ポップス,Synthesizer Vによるアイドルグループ「花言葉はインフィニティ」やってます。
ヤミナベレコーズ,一展,K-02a,［音楽］ポップス,音ゲーや同人音楽シーンで活躍するウィスパーな声が魅力の「ゆきまめ」さんをボーカルに迎えてポップでカワイイ音楽をお届けします。
LoveLemonLabo,一展,K-02b,［音楽］ポップス,エレクトロポップな女性Vsinger『ロマンチックMOD』と、ソウル、ロックバンド男性ボーカルの『LoveLemonOrchestra』の音源を出します。
ラムレーズン,一展,K-03a,［音楽］ポップス,大阪大学の学生を中心とする音楽制作サークルです。ロックやポップス、ボカロやEDM、そしてオーケストラなどジャンルを問わず様々な楽曲を製作しています。
LiLiAmoureuse,一展,K-03b,［音楽］ポップス,"はじめまして、""ことば""と""風景""を愛するサークル「LiLiAmoureuse」(りりあむるーず)です。「星の王子さま」を題材にした楽曲など、様々な風景を描いた懐かしくも新しいJ-POPをお届けいたします!"
Aquange - 羽澄愛,一展,K-04a,［音楽］ポップス,羽澄愛（声優・Vtuber）のオリジナル曲やグッズなど。新譜あり！
recipe,一展,K-04b,［音楽］ポップス,こんにちは！音楽ユニットrecipe(レシピ)です。新曲を収録したオリジナルCDやメンバー制作のアクセサリー等を頒布予定なので、是非ブースまで遊びにいらしてください！よろしくお願いいたします。
Que Sera Sera,一展,K-05ab,［音楽］ポップス,今回はサークルカット提出をわすれませんでした♪
ALMF,一展,K-06a,［音楽］ポップス,ダンス、テクノ、歌モノとジャンル横断したコンピレーションを展開中！！
みんみぐみはね,一展,K-06b,［音楽］ポップス,SSW／みはね、２回目のM3参加。綺麗な風景、時間、思い出を、儚く美しい歌声でお届けします。
Otomeza Records,一展,K-07a,［音楽］ポップス,しーらんとにゃべまるの音楽ユニット「Otomeza Records」です！ ポップスを中心にドラムンベースやテクノなど幅広いジャンルの楽曲を製作しております！ 包み込むような優しい歌声をお楽しみください！
星の子通信局,一展,K-07b,［音楽］ポップス,かわいくてやさしい音楽を作っています。ふわふわきらきらなkawaii世界をお届けします！
hexatropica.,一展,K-08a,［音楽］ポップス,写真は物語の時間を切り取る。tsukiとずごごじーおによる写真×イラスト×音楽×物語の「写真集」が登場。
Asterism,一展,K-08b,［音楽］ポップス,かなづき、向井七重による音楽制作ユニット。季節の移り変わりによる様々な風景や物語音楽など、インスト曲を中心に作品を作っています。近作では中華風ファンタジー・民族音楽・ミニマルテクノなど作風は多彩。
I.L.C -Image Leaf Craft-,一展,K-09a,［音楽］ポップス,作曲家・ギタリスト、折倉俊則の旧個人制作名義。商業活動20周年で限定的に名義復活。
黄泉モバイルレコーズ,一展,K-09b,［音楽］ポップス,Switchソフト「KORG Gadget」、鍵盤ハーモニカなどを使い活動する夫婦ユニット「サイモンガー・モバイル」の作品などを頒布します。
千葉大学作曲サークルトニカ,一展,K-10a,［音楽］ポップス,千葉大学で活動している作曲サークルです！初心者と経験者が混ざり合って様々な作品を作り上げていますので、ぜひ一度ご覧ください！
necofy,一展,K-10b,［音楽］ポップス,猫とコーヒーが好きな二人の音楽ユニット。四季と花言葉をテーマにした新譜を頒布予定。
空色のりぼん,一展,K-11a,［音楽］ポップス,「物語の主人公たち」をテーマにオリジナル楽曲アルバムを頒布予定です。よろしくお願いします！
早稲田大学経営情報学会 ( MISW ),一展,K-11b,［音楽］ポップス,早稲田大学のデジタル創作サークル、MISWです！サークル員たちそれぞれの好きな音楽を持ち寄って日々研鑽しあっています、ぜひ聴いてください！！
懐中幻燈舎,一展,K-12a,［音楽］ポップス,幻想怪奇な物語を紡ぎます
Secret Messenger,一展,K-12b,［音楽］ポップス,どうにもならない想いを世界に叫ぶ女性フルボーカルアルバムを予定しています！本気のロック、最高の熱量を持つアルバム、乞うご期待！
Snow Angels,一展,K-13a,［音楽］ポップス,メンバーの大半が北海道出身・在住の新進気鋭サークルです。D-POP（道産子ポップス）という新たなカルチャーが生まれたり生まれなかったりするかも。
しのはる,一展,K-13b,［音楽］ポップス,しのりゅーとはるはび (a.k.a Hal_Bits) 二人はチップチューン
cherry ʼ s ／ 萌 え 0 2 ☆電脳 LABO,一展,K-14ab,［音楽］ポップス,かわいくて電波なおうたのCDを頒布します！
東京大学作曲研究会 GCT,一展,K-15a,［音楽］ポップス,東京大学の作曲サークルです。コンピレーションアルバムを頒布します。
iLLu ／ 秋月美咲,一展,K-15b,［音楽］ポップス,"【iLLu】2023年12月より活動開始「シンガーソングライター」×「ボカロP」×「バンドマン」の3人組DTMユニット！
エレクトロニック・ロック・オーケストラまで幅広いサウンドを操り、ジャンルにも編成にも囚われないスタイルでJ-Popを作り続ける。3rdSong『橙』はiTunes Store (アメリカ) の ""J-Pop トップソング"" にランクインし、国内外のリスナーから人気を博す。M3春2025では新譜である2ndEPほか、昨年度のM3で発売した1stEPも限定で再販いたします！
【秋月美咲】iLLuのボーカルTsukihiのダーク弾き語りソロプロジェクト。"
曲つくりサークル部,一展,K-16a,［音楽］ポップス,東京電機大学で活動している曲つくりサークル部です。部員が制作した楽曲が収録されたCDを頒布します。
q-square,一展,K-16b,［音楽］ポップス,2023年12月発足のq-squareです！quest、すなわち冒険をテーマに掲げ、架空RPGサントラ風の楽曲や、人生を冒険と捉えたその一場面や心の機微を描き出す歌モノを中心に制作しています。よろしくお願いします！
彩芸術工房,一展,K-17a,［音楽］ポップス,1曲1曲が絵本や小説を読むかの様なストーリー仕立て。ピアノの音色を中心に据えた楽曲と共に楽しんで下さい！
妄想の旅団,一展,K-17b,［音楽］ポップス,オリジナルのちょっと電波でかわいい女性ボーカル曲を作っています！みんなを元気にしちゃいます！
Arrule,一展,N-17a,［音楽］テクノ・クラブ,初参加です。今回は宇宙までの旅路をイメージしたテクノのような音楽を出します。よろしくお願いします。
仙骨マウスパッド製作委員会,一展,N-17b,［音楽］テクノ・クラブ,仙骨マウスパッド製作委員会です。余裕があればアルバムが出ます！(何の！？)
Lilium Records,一展,N-18ab,［音楽］テクノ・クラブ,クラブミュージックを中心としたレーベルです。
D2D Recordings,一展,N-19ab,［音楽］テクノ・クラブ,東京と配信を拠点とした同人音楽DJイベント「Desire 2 Doujin」のサークルです。クラブユースなクラブミュージックコンピレーションをリリースする予定です。
nannou,二展１階,う-40b,［音楽］ロック,カテゴライズされない独自の世界観を創造し、聴く者を夢と現実の狭間へと誘う。美しく魔術的な旋律を奏でるギターに、時に内省的、時に激情を顕にした透き通った穢れない歌声がのる。
SOUTH OF HEAVEN,二展１階,う-41ab,［音楽］ロック,主にラウドロック、メタルのオリジナル楽曲を中心に活動してます。東方project等のアレンジ楽曲も作っております。
project MIK ʼ s T e a,二展１階,う-42ab,［音楽］ロック,2023年に始動したクリエイター集団による新プロジェクト！ 第3弾の今回は純ロックをテーマにしたミニアルバムにゲストを迎えて制作。過去作品を合わせてぜひ手に取っていただけたらと思います。
Acute Strings,二展１階,え-01a,［音楽］ロック,ポストロック、インストロックを主体に活動するAdanのソロバンド
狂奏楽団,二展１階,え-01b,［音楽］ロック,オリジナル、女性ツインヴォーカル、プログレ・ゴシックメタル系バンド音楽。ギターベースドラム生音録音
Ghost Cries,二展１階,え-02a,［音楽］ロック,女性ボーカルのシンフォニック・デスメタルバンドです。
asnomi studio,二展１階,え-02b,［音楽］ロック,約2年分の楽曲をまとめた軽快な歌モノギターロックアルバムを頒布します。シンセサイザーV小春六花と夏色花梨も使ってます。
the Grail of Sics,二展１階,え-03ab,［音楽］ロック,GOTHIC/Symphonicメタルコアバンド the Grail of Sics 重々しいメタルコアサウンドと、壮厳なオーケストレーションの楽曲に 叙情的な歌が重なり、単なるゴシックの世界には収まらない独自の陰鬱世界へ導いてゆく。
ヌンチャクゴリラ,二展１階,え-04a,［音楽］ロック,こじらせ系ギターロックインスト
Lekphjunokia,二展１階,え-04b,［音楽］ロック,"トランスシンセ、四つ打ち、男女ボーカル入りメロディックデスメタル。中の人はDisarmonia Mundi, Blood Stain Child, Edge of Sanityなどが好き。"
distortion clear,二展１階,え-05a,［音楽］ロック,ラウド&ポップなギターサウンドがウリです！
Pendulum Pandemonium,二展１階,え-05b,［音楽］ロック,4名のコンポーザーによるメタルサークル。メロデスをベースにプログレ、メタルコア、ブラックと多彩なジャンルを取り込んだエクストリームメタルを発信。
Trouveres,二展１階,え-06ab,［音楽］ロック,剣と魔法と勇者のメロディ。男女ツインVoによる熱く麗しい戦いを貴方に。V系メタルプロジェクトzellosの委託もあります
SoundstorM,二展１階,え-07a,［音楽］ロック,「重く・激しく・美しく」をコンセプトに歌モノ・インストを問わず楽曲制作しています。音声合成ソフト「SynthesizerV」を用いたシンフォニックメタル、DnB、デジロックを頒布予定です(ポップな作品もございます！)
INVASION OF SOLITUDE RECORDS,二展１階,え-07b,［音楽］ロック,"孤高のヘヴィ・メタル・ウォーリアー""ロード・メタル""による独りメタル・プロジェクトのCD販売！メロディック・デス・メタル、デス・メタル、ブラック・メタル系統強めです！"
-LostFairy-,二展１階,え-08ab,［音楽］ロック,異世界「エル・ナ・ディア 」での幻想を「物語」と「楽曲」で表現。 ゴシック・シンフォニック・ダークメルヘンを主軸とした、バンドサウンドながらも幅広い作風が特徴。Vtuber「フラン・エクレール」もここ。
楓楽舎,二展１階,え-09a,［音楽］ロック,‪仙台を拠点に活動している音楽サークル「楓楽舎」です！Rock、Pops、アキシブ、デンパ、メタル、造語コーラス等、さまざまなジャンルの曲を作っています。
Poly ★ Planet,二展１階,え-09b,［音楽］ロック,バンドサウンドの切ない系のロックな楽曲を作っています。
R ʼ sFactory,二展１階,え-10ab,［音楽］ロック,"VOCALOIDやSynthVを用いてメタル・ラウド系の音楽を作ってます。
今回のM3では過去作全て持ち込みます
新規頒布ははじめましての方も、いつも買ってくださってる方も両方楽しめるように、過去曲のRemix数曲を収録したサンプルCDを無償頒布予定(諸々間に合えばEPくらい出すかも…？🤔)
持ってないCDあったら買ってくれると嬉しいです！"
Tokyo.MeltiMelt,二展１階,え-11a,［音楽］ロック,Japanese GoSick Visual Metal
int. 音と君と。,二展１階,え-11b,［音楽］ロック,それでも僕は、ロキノンロックが好きなんです。
Elymusia,二展１階,え-12a,［音楽］ロック,物語音楽やゴシックロックなど
foreteller,二展１階,え-12b,［音楽］ロック,ロックを軸に様々な音楽を融合させた、静と動のあるコンセプト作品を制作しています。
mu-ma.,二展１階,え-13ab,［音楽］ロック,飯能のことを紹介できます。
ALICETOPIA,二展１階,え-14ab,［音楽］ロック,ダークファンタジーをコンセプトとする注目の若手メロディック・メタルバンド！メロディアスかつキャッチーな楽曲にVo.Minami Mariaの唯一無二の歌声をのせたサウンドは聴く者を魅了する！
葉月ゆら,二展１階,え-15ab,［音楽］ポップス,ゴシック・ダークメルヘン・民族風楽曲を好んで制作しております(´▽｀*)　宜しくお願いします。
TEMPLIME,二展１階,え-16ab,［音楽］テクノ・クラブ,おしゃかわポップの音楽ユニットTEMPLIMEです！２年ぶりにM３に出ます！
ナカムラ書房×華力発電所,二展１階,え-17a,［音楽］ロック,テクノ&テクノ&ロック&テクノポップ　本屋と発電所が前代未聞の業務提携、開陳！
Suicidal Ideation,二展１階,え-17b,［音楽］ロック,DSBM(デプレッシブブラックメタル)やってます。新規プロジェクトデモを配布します。
もちもちうさぎパレード,二展１階,え-18a,［音楽］ロック,合成音声とうるさいギター。ロックです　たぶん。
ヨルガタアキラ,二展１階,え-18b,［音楽］ロック,初参加の正統派邦ロッククリエイター、ヨルガタアキラの朝は遅い─────。 初参加で彼は何もわかっていない─────。
主謀者翔馬,二展１階,え-19a,［音楽］ロック,演説+音楽を融合させた作品を制作し、頒布します。
phrilli,二展１階,え-19b,［音楽］ロック,” あの頃の感情に帰るような自由な音楽”をコンセプトに、ロック・アニソン・ポップス・パンク・メタルなどのジャンルを取り入れた楽曲を制作しています。
貝と佈気楼,二展１階,え-20a,［音楽］ロック,バーチャルとリアルを接続する、轟音系オルタナティブ・ヘヴィ・ロックバンド。
Sea Chicken,二展１階,え-23b,［音楽］ロック,「心の葛藤」と「無意識への気づき」をテーマにしたオルタナティブロック(歌声はきりたん&めろう)です！よろしくお願いします！
東京都立大学 TMU 作曲サークル,二展１階,え-24z,［マルチメディア］その他ノンジャンル,東京都立大学　TMU作曲サークルです！今年初参加です！メンバーの力作を収録しているアルバムを是非！
バンド組もうぜ！,二展１階,お-01a,［音楽］ロック,バンドメンバーを募集するために参加させていただきました！もしCD聴いて良いやんってなった人は気軽に連絡してください！！！！
THE CAMELLS,二展１階,お-01b,［音楽］ロック,都内を中心に活動中のロックバンドです。X(旧Twitter)@THECAMELLS
GlariZ,二展１階,お-02a,［音楽］ロック,アニソン等をドゥームメタル・ドローンメタルアレンジした作品の音源を頒布しているサークルです。
IGM 生楽器ゲーム音楽,二展１階,お-02b,［音楽］ロック,個人でゲームの戦闘時に流れているようなロックテイストのBGMを中心に制作しています！ ギター、ベース、ドラム、ストリングスは生楽器を使用しています。 今回初参加ですが是非お立ち寄りください！！！
享楽屋,二展１階,お-03ab,［音楽］ロック,自主音楽レーベル「享楽屋」。　眼鏡仕掛けの四重奏「Cartilage」や、すこやかパンクバンド「しにぞこナイツ」などのCDをリリース。サブスク配信・イベント運営なども行っております。
スペース NINJA,二展１階,お-04ab,［音楽］ロック,厳しい戦いの末、地獄の軍団の魔の手からサイバーシティを救ったスペースNINJA達。しかし安心も束の間、地獄の軍団は遂に全宇宙への侵略を開始した！彼奴等の野望を阻止するため、戦え！スペースNINJA！
PHANTOM,二展１階,お-05a,［音楽］ロック,VRロックバンド「PHANTOM」です！
StrollZ,二展１階,お-05b,［音楽］ロック,VRChatで活動しているサックスプレイヤーざっくとピアニストしあのによるインストユニットStrollZです
METALITY UNITED,二展１階,お-06a,［音楽］ロック,メタバース生まれのメタルバンドです！シンフォニックメロディックパワーメタル！！！
503 bad gateway,二展１階,お-06b,［音楽］ロック,熱く燃え滾るグラムメタル/メロディックハードをメインに、みなさまの活動のモチベーションをブチ上げる楽曲をお届けしています！
猫のちゃび,二展１階,お-07a,［音楽］ロック,すみだはなが描く「猫のちゃび」に、田村一哉の音楽を乗せて「ミニアルバム」をお届け
CATCH ME YESTERDAY,二展１階,お-07b,［音楽］ロック,制作・録音・編集・映像なんでもDIYロックバンド。SNSフォロワー累計1.7万。2024年アブダビアニメフェス、2023年フィリピンフェス、2022年サウジアラビアフェスに3回出演。2025も海外ツアー予定。
atsusix project,二展１階,お-08a,［音楽］ロック,ギタリスト&コンポーザーatsusix(アツシックス)によるソロプロジェクト。悲哀に満ちたオルタナティブヘビーロック。
EVILLEN,二展１階,お-08b,［音楽］ロック,外国人ヴォーカリストを起用したフルアルバムにて活動開始。エピック・モダン ヘヴィーロックやシンフォニックメタル、エレクトロなこだわりの EVILLEN サウンドを展開。
452 番 街,二展１階,お-09a,［音楽］ロック,ベースサイボーグMYKという名前で動画活動していた人が歌モノの作品を作ります
チョモランマ学園生徒会,二展１階,お-09b,［音楽］ロック,＜優れた筋肉は世界を統べる――＞筋肉擬人化×美少女をテーマにした架空アニメ「ますらぶっ！」の楽曲CDを頒布いたします。聴けばムキムキ間違いなし！！ぜひお越しください！
青木工務店,二展１階,お-10x,［音楽］ポップス,"青木""syun""俊明が、色々なアーティストとコラボしていくシリーズ。今回は、一体誰とコラボするのかな"
PINPURI.COM,二展１階,お-10y,［音楽］ポップス,渋谷発の音楽レーベル「ピンプリ」は、プリクラをテーマにしたアートワークを特徴とし、新世代のギャルミュージックを創作しています。所属：まーちりん（MAAACHIRIN）、ちいざろっく！
第 4 代プランクトン,二展１階,お-10z,［音楽］ポップス,ぜんぜんわからない　俺たちは雰囲気でDTMをやっている
御園まひな ＆ Project Rio Salado,二展１階,お-11x,［音楽］ポップス,ニコニコ、YouTubeで歌ったり、作曲している御園まひなと、YouTubeにオリジナル曲をアップしているProject Rio Saladoの合同出展です。ポップで少しダークな世界観のオリジナル曲を作っています。
にこごり,二展１階,お-11y,［音楽］ポップス,多ジャンルのコンピレーションアルバムを頒布予定です。全作品に重たい感情が乗っている予定です。
Pollaid,二展１階,お-11z,［音楽］ポップス,女性ボーカルのアニソンは音域高くて歌うの大変じゃないですか？ちょうどいい曲があります。
Studio Shoebill,二展１階,お-12x,［音楽］ポップス,M3出展2回目です、今回はSynthsizer VのPOPYちゃんと一緒にいろんな方や音楽に出会えることを楽しみにしてます！
buchi,二展１階,お-12y,［音楽］ポップス,石川県金沢市でシティポップ系のボカロ曲作ってま〜す
Kei Morimoto,二展１階,お-12z,［音楽］ポップス,Future Bassやエレクトロポップ系の楽曲をメインに発表しています！
広瀬プロモーション,二展１階,お-13x,［音響］ドラマ・トーク（放送劇・声優等）,初参加！大正ロマンな執事喫茶のボイスドラマを頒布します！
追求型モノ語リ劇場【Lyco】,二展１階,お-13y,［音響］ドラマ・トーク（放送劇・声優等）,現役シナリオライター2名による、本格派ボイスドラマ制作サークルです。記念すべき1st作品では、あなたを和風ポストアポカリプス世界へと誘います――。
まるみふぁくとりぃ,二展１階,お-13z,［音響］ドラマ・トーク（放送劇・声優等）,『働く青年』を建前におじさんだらけのボイスドラマ作ってます。基本コメディ。ブロマンスにうぶ毛が生えた程度のBLも有ります。
soba,二展１階,お-14x,［マルチメディア］ハードウエア・楽譜・書籍,"64パッドで遊べる、新しいシンセ体験。
ちょっと変わった演奏スタイルを体感してください!"
作田恒星,二展１階,お-14y,［アニメ・ゲーム］VOCALOID,UTAUなどの広義ボカロでポップスを作ってます．発表済み曲を収録したアルバムを頒布します．
せきうさてしぐさ,二展１階,お-14z,［アニメ・ゲーム］VOCALOID,音楽的同位体『星界』ちゃんのラップです。韻がタイトです。
SENONLTS,二展１階,お-15x,［アニメ・ゲーム］VOCALOID,ボカロCDを数種類用意しています。（ミク・ラピス・IA）
ばにらくらぶ,二展１階,お-15z,［アニメ・ゲーム］VOCALOID,アイスはバニラが最強にして至高
スノードーム,二展１階,お-16x,［アニメ・ゲーム］VOCALOID,夏っぽい歌！
sawend,二展１階,お-16y,［アニメ・ゲーム］VOCALOID,今年はGUMI（Synthesizer V）で覚醒をテーマにしたミニアルバムを頒布します。
涓滴會,二展２階,キ-05a,［音楽］クラシック・ジャズ・環境音楽等,本格的な物語音楽を主戦場とするサークルです、興味のある方は是非遊びに来てくださいね
Lilyane,二展２階,キ-05b,［音楽］クラシック・ジャズ・環境音楽等,＊春新譜あり　瑞々しい果実の想いは、甘い春を彩って。＊　民族音楽×Lilyane。 ファンタジー×メルヘン、女性ボーカルデュエットを添えて。
帝国音楽堂＆日本共産堂,二展２階,キ-06ab,［音楽］クラシック・ジャズ・環境音楽等,軍歌・革命歌・鉄道音楽アレンジCDを頒布します。新譜あります！
小笠原幸子,二展２階,キ-07a,［音楽］クラシック・ジャズ・環境音楽等,"ジャズピアニスト,作曲家＜Jazz Pianist,Composer,jazz live,recording,host＞東京在住 2021年〜筑西JAZZ講師&定期240名規模コンサート,TVCM曲"
いたずら書きのメロディ,二展２階,キ-07b,［音楽］クラシック・ジャズ・環境音楽等,フルート×ピアノのポップインストユニットです。オリジナル曲のミニアルバムを頒布します！
FIRST AVENUE STUDIO 戸 塚,二展２階,コ-28ab,［音楽］ポップス,横浜市戸塚の古い音楽スタジオ＆小さなライブハウスの出店です。地域の音楽家たちの作品を持っていく予定です。ノンジャンル。ライブの出演者も募集しています。
ゲキヤバゲキカワギャング,二展２階,コ-29ab,［音楽］ポップス,ゲキヤバで、ゲキカワな、クラブミュージック、ベースミュージックを行っています。
mixi2・DTMer ズ,二展２階,コ-30ab,［音楽］ポップス,できたてホヤホヤSNS｢mixi2｣、サービス開始直後にコンピ結成！！
Aerial Notes,二展２階,コ-31a,［音楽］ポップス,VTuber × Composer の音楽ユニットです。 アニソンをルーツに様々な要素を取り入れた楽曲と、可愛さと透明感のある歌声で独特な世界観をお届けします。
Petite Chanela,二展２階,コ-31b,［音楽］ポップス,『小さな猫と天使の物語』 初参加！水色大好き、猫天使ユニットの『Petite Chanela / ぷてぃ・しゃねら』です！童話をモチーフに1st ミニアルバムを制作しました！セラフィーとむむ猫による新人歌い手ユニットです！
牛満刻,二展２階,コ-32a,［音楽］ポップス,お久しぶりです
τ l レ,二展２階,コ-32b,［音楽］ポップス,ひねくれたポップス作ります
泉の庭ちゃんぷるー,二展２階,コ-33a,［音楽］ポップス,民族調・和風・EDM・シンフォニックロック等ジャンルは様々なファンタジックな音楽を作っています。
踊ル音楽家,二展２階,コ-33b,［音楽］ポップス,”春らしくない”という理由で今年お箱入りになっていたゆめみ☆デスゲーム、ついに登場！
wagataki,二展２階,コ-34a,［音楽］ポップス,ピアノ系のインストを中心に制作しています！
水魚みぃむ,二展２階,コ-34b,［音楽］ポップス,水音の世界からやってきた歌姫研修生vtuber。オリジナル曲や歌ってみた動画を発表してます。フランスで開催されたイベントに参加したり、NHK-FMさんの番組「ぶいあーる！」で紹介されたり日々頑張ってます！
ろいた,二展２階,コ-35a,［音楽］ポップス,"""異なる惑星で生まれた2人の少女が惑星に迫る危機に立ち向かう"" 架空のアニメ「双星の約束」をテーマにしたアニソンポップスを扱っております。 ゲストボーカルを迎えたEP(全8曲)を頒布予定です。"
| MO2RE 〉,二展２階,コ-35b,［音楽］ポップス,音と音、人と人、様々な「もつれ」を探索する音楽プロジェクト。 アレンジャー soniol とベーシスト anmangichi を中心に展開。
ラフニ,二展２階,コ-36a,［音楽］ポップス,”浸れるひとときを 求めるひとたちへ” 特定のコンセプトを基に複数のクリエイターが1つの作品を作り上げます
louviq:,二展２階,コ-36b,［音楽］ポップス,シングルコイルのギターと繊細かつ迫力のあるボーカルが織り成す「エモーショナルなバンドサウンド」が特徴の2人組ユニットです。
夢乃ゆき,二展２階,サ-01a,［音楽］ポップス,女性ボーカル、オリジナル楽曲を頒布しています！
FROZEN QUALIA,二展２階,サ-01b,［音楽］ポップス,コンポーザーkazukiとボーカルyukiによる音楽プロジェクトです。
ゆめやさん,二展２階,サ-02a,［音楽］ポップス,シンガートラックメイカーかききまなみのプロジェクトです。ノスタルジックホラーでダークのなかに懐かしさを込めた歌詞と幼なげな歌声の楽曲です。
るなほしショップ,二展２階,サ-02b,［音楽］ポップス,声優・歌手・登山家 るなっち☆ほしのCD屋さん。チップチューンや電波ソング多めです。
アートモバイル,二展２階,サ-03a,［音楽］ポップス,自称音楽家です。宅録系シンガーソングライター、時々ボカロ。
OVERTASK,二展２階,サ-03b,［音楽］ポップス,架空劇判ユニット、OVERTASKが手掛けるチップチューン！
A little bit,二展２階,サ-04a,［音楽］ポップス,女性ボーカル・後藤ハルキがオシャレでジャジーなオリジナルＣＤを制作しているサークル。新作あります！
幼蚕文庫と Bigbird,二展２階,サ-04b,［音楽］ポップス,浮森かや子とオッカです。届くようで届かないようなどこか懐かしく、様々な曲を作っています。
cyan slime,二展２階,サ-05a,［音楽］ポップス,名古屋発2人組クリエイティブユニット「cyan slime」 Vtuberをボーカルに取り入れたオルタナティブ・ポップス楽曲をリリース
futuristic sounds,二展２階,サ-05b,［音楽］ポップス,名古屋から世界へ届けたい音楽がある。
きゅいきゅいすたー,二展２階,サ-06a,［音楽］ポップス,ツインボーカルユニットのきゅいきゅいすたーです！ユニットとしての2枚目のアルバムを出します！まよりの2枚目のソロアルバムもリリース予定です！可愛いミュージックを皆さんにお届けします♪
サクラのいろは,二展２階,サ-06b,［音楽］ポップス,～春夏秋冬の和風楽曲をお届けします～
RICORA MUSIC TEAM,二展２階,サ-07a,［音楽］ポップス,東京理科大学DTMサークルRICORAです。よろしくお願いします！
東京理科大学情報技術クラブ ITC,二展２階,サ-07b,［音楽］ポップス,"現役理系大学生が作った楽曲CDを頒布します！テーマは""Innocence""。純真、潔白、無邪気、天真爛漫…などなど、何を表現するのかは部員たち次第！"
Stellar Trills,二展２階,サ-08a,［音楽］ポップス,アニソンゲーソンを魂に刻んだバンドマン3人によるサークルです！ アルバム毎にテーマを決めて、多様な音楽を展開していきます♪
みけねこれこーど☆,二展２階,サ-08b,［音楽］ポップス,かわいいエナジー系電波ソング出ます！！
地獄のべくちゃん,二展２階,サ-09a,［音楽］ポップス,超弩級サブカルシンガー「べくちゃん」と、超敏腕プロデューサー「地獄イヌ」による新進気鋭の音楽サークル ！！独特の世界観あふれる楽曲に、あなたもきっとアッと驚く為五郎！！
Fence Break Heaters,二展２階,サ-09b,［音楽］ポップス,ギターボーカル・ベース・ドラムと異なるバックグラウンドを持つ三人が三者三様のポップな楽曲を誠意作成しています。
Airycraft ◇,二展２階,サ-10a,［音楽］ポップス,道南から、優しい音の物語をお届け
ペラペラポミッタ,二展２階,サ-10b,［音楽］ポップス,また変な曲を作りたいと思います。よろしくお願いします。
有坂愛海,二展２階,サ-11a,［音楽］ポップス,ロリータシンガーソングライター有坂愛海です！新譜予定！
175 LABO,二展２階,サ-11b,［音楽］ポップス,豊島区千川に新規オープンしたレコーディングスタジオ「175LABO」の音楽サークルです。代表でありベーシストである稲子渾身のアルバム、ぜひお聞きください！
めもん,二展２階,シ-12a,［アニメ・ゲーム］VOCALOID,VOCALOIDやSynthVなどの合成音声楽曲のCDを頒布します！最新作はシンセガンガン系の曲が多いです！よろしくお願いします！！
inubue,二展２階,シ-12b,［アニメ・ゲーム］VOCALOID,感傷ロックすこすこ委員会です。ピアノとギターのロックを星界氏に歌っていただきました。
芹井産業,二展２階,シ-13a,［アニメ・ゲーム］VOCALOID,コンピレーションアルバム、グッズ販売など
ゆめのおもちゃ箱,二展２階,シ-13b,［アニメ・ゲーム］VOCALOID,ピンクでかわいい曲を作るサークルです。今回も新譜を持って参ります。ゆめひつじ (ボカロP) となぎれ (ボーカル) が現地でお待ちしております！
MIG,二展２階,シ-14a,［アニメ・ゲーム］VOCALOID,synthesizer V やVocaloidで曲を作っています
土曜日の友達,二展２階,シ-14b,［アニメ・ゲーム］VOCALOID,頑張ります！
car.ess,二展２階,シ-15a,［アニメ・ゲーム］VOCALOID,128BPMオンリーのボーカルシンセ（ボカロ、シンセV、CeVIOなど）クラブミュージックアルバム「red parade」を出す予定です。ジャンルはElectro SwingやProgressive Houseなど概ねハウスなのです！
くたくた製作所,二展２階,シ-15b,［アニメ・ゲーム］VOCALOID,VOCALOIDでロックな曲を作ってますが、最近はタッパーエフェクターとかケーブルとか大量に作ってます。
Sincerely Syncopation,二展２階,シ-16a,［アニメ・ゲーム］VOCALOID,"ボカロP「ねこぜなおとこ」と申します。
VOCALOIDでロックやってます！
今回は履歴書型の新アルバムを出します！
楽曲もとてもクオリティが上がり、楽しく聴いていただけると思います。
ぜひ遊びに来てください！"
バターサンド,二展２階,シ-16b,［アニメ・ゲーム］VOCALOID,ボカロP。シューゲイザー、シティポップ 、ローファイミュージックなどにインスパイアされたサウンドと内省的なリリックで青春における愛と孤独を唱う。
ジュニ P,二展２階,シ-17a,［アニメ・ゲーム］VOCALOID,初参加です。私はアメリカ出身で現在東京在住のボーカロイド・プロデューサーです。
ムラミィ,二展２階,シ-17b,［アニメ・ゲーム］VOCALOID,初めまして、ムラミィです。前回とは違った趣向でロックに攻めます！変わらず青い感じは入ってると思います。よろしくお願いします！
兔子航空,二展２階,シ-18a,［アニメ・ゲーム］VOCALOID,萌え×エレクトロな音楽を作ってます！フューチャーファンクのエッセンスが好きな人に！
Coyuki,二展２階,シ-18b,［アニメ・ゲーム］VOCALOID,kawaii&popなボカロ曲を作ってます！
Salicylic Records,二展２階,シ-19a,［アニメ・ゲーム］VOCALOID,ロック&エレクトロを取り入れた躁鬱ボカロ・合成音声アルバムを頒布します。
竹馬あお,二展２階,シ-19b,［アニメ・ゲーム］VOCALOID,四季折々を描く宮舞モカ×ボカエレクトロEP「でぃじたる・もかちーの！」を頒布します！他にも旧譜として夏曲合成音声アルバム「SummerNotFoundException」やボカロックアルバム「産声、滲んだきみの青」など。
IOR,二展２階,シ-20a,［アニメ・ゲーム］VOCALOID,独自の質感を追求する電子音楽サークル
AzureHead,二展２階,シ-20b,［アニメ・ゲーム］VOCALOID,AzureHead 1st VOCALOID アルバム『Good Morning Azure Delusion』実在する心理障害と幻想活動Maladaptive daydreaming（不適応空想）に基づき、幻想世界へ落ちる少年少女の物語を描く音楽企画。
Bassy,二展２階,シ-21ab,［音楽］ポップス,bassyのサークルです。NyaronsとU3NEKOもこちらです。
Lunatic ★ Melody,二展２階,シ-22ab,［音楽］ポップス,ボーカル「月乃」の個人サークル「Lunatic★Melody」ジャジーで妖艶な系楽曲の新譜を頒布します！まさかの月乃の男ボイス「月斗」とのデュエットも！？
Losstime Life,二展２階,シ-23ab,［音楽］ポップス,音楽ユニットLosstime Lifeです。新譜作ります！
少女理論観測所,二展２階,シ-24a,［音楽］ポップス,基本女性ボーカル、稀に男性ボーカルのポップス・ロック系楽曲。お洒落なコードと踊れるビート、ソリッドなギターが特徴。普段は主に東方アレンジを作っていますがM3ではオリジナルをリリースしたいです。
鈴 湯,二展２階,シ-24b,［音楽］ポップス,アニメソング・ゲームソングを歌う鈴湯が主催する物語音楽サークルです。”映画を見るように聴く”をコンセプトに音楽制作をしています。
Last Labyrinth,二展２階,シ-25ab,［音楽］テクノ・クラブ,新作EP出します！
Massive CircleZ,二展２階,シ-26a,［音楽］テクノ・クラブ,ハードスタイルを作っています
UOM Records,二展２階,シ-26b,［音楽］テクノ・クラブ,音楽を作ります。
LapiLapi 石原けいこの時空を旅する音楽,二展２階,シ-27a,［音楽］クラシック・ジャズ・環境音楽等,「時空を旅する音楽」をテーマに、幻想的でどこか懐かしい音楽を作っています。今まで宝石、森、世界の遺跡等をテーマにした作品を作ってきました。民族音楽や中世の音楽に影響をうけたインストと女性ボーカルです。
iuuy 屋さん,二展２階,シ-27b,［音楽］クラシック・ジャズ・環境音楽等,"「体にいいアルパカ」所属, iuuy 初の個人サークルです! フュージョンやプログレ, エレクトロ, 歌モノが好きです! 初参加でとても緊張しています! よろしくお願いします!"
進捗いかがですか ?,二展２階,シ-28a,［音楽］クラシック・ジャズ・環境音楽等,制作に完成無し、あるのはただ期日のみ！！進捗、いかがですか！！！
Melefiele,二展２階,シ-28b,［音楽］クラシック・ジャズ・環境音楽等,ストーリー性を持った楽曲に、ソプラノ・アルトのハーモニーをプラスしたパフォーマンスが特徴のデュオユニット。
NNN 企 画,二展２階,シ-29a,［音楽］クラシック・ジャズ・環境音楽等,“シンセと生を合成した音楽の隙間表現を追求し、DTMでそれを実現していく電脳バンド”です。主にインスト作品を作っています。
rakia,二展２階,シ-29b,［音楽］クラシック・ジャズ・環境音楽等,"叙情性伴うハーモニー及びメロディセンスを特徴とするプロデューサー塚原啓のソロプロジェクトrakia。
様々なゲストヴォーカリストを迎えピュアで哀愁漂うエレクトロニックサウンドは唯一無二である。
この度M3に於いてこれまでのアルバム群を集結させる。"
アイルズ,二展２階,シ-30a,［音楽］クラシック・ジャズ・環境音楽等,オリジナルファンタジーボーカル中心。ボーカリスト「aoi」「三崎遙か」作曲家「桜葉」イラストレーター「Minami Hiroto」それぞれの世界観をふんだんに詰め込んだ作品をお届けしています。
ぼう神社,二展２階,シ-30b,［音楽］クラシック・ジャズ・環境音楽等,オリジナル音源のアルバム頒布予定
djgenki.net,二展２階,シ-31a,［音楽］テクノ・クラブ,新作出します。
かめるかめりあ,二展２階,シ-31b,［音楽］テクノ・クラブ,作曲家かめりあの制作した作品を頒布する個人サークルです。「核融合発電ができる曲」を目指しています
Greatoaks Music,二展２階,シ-32a,［アニメ・ゲーム］音ゲー,影虎。(Kagetora.)による個人音楽サークルです。主に音楽ゲームの楽曲やPsychedelic Tranceから影響を受けた楽曲を制作しています。
DROP FREVKER,二展２階,シ-32b,［アニメ・ゲーム］音ゲー,アーティスト「Getty」のオリジナルCDなどを頒布するサークルです。
フーリンキャットマーク,二展２階,シ-33ab,［音楽］ポップス,「オシャレ&カワイイ」がコンセプトのアキシブ系musicを制作しています。渋谷系やJazz、Cty pop等が好きな人は絶対に刺さる音楽です。
WINDVOICE,二展２階,シ-34ab,［音楽］ポップス,妖怪アイドルユニット「妖サウンズ！」和風ポップな新作あります！
Seardrop,二展２階,シ-35ab,［音楽］ポップス,女性ボーカル「Sennzai」の個人サークルです。ロック・ダーク・クラシック・ゴシック・民族、EDMまで様々なジャンルの楽曲を歌っています。
HYPRFLVX,二展２階,シ-36a,［音楽］テクノ・クラブ,DJ Norikenの個人サークルです！ハードコアとかハードダンスとか作ります！
瓶底眼鏡女子同盟,二展２階,シ-36b,［音楽］テクノ・クラブ,サークルが運営するトランスパーティ「Stratosphere」発のリリースを予定しています。
Daruma Rave,二展２階,シ-37a,［音楽］テクノ・クラブ,Srav3R主催のサークルDaruma Raveです
DJ Myosuke,二展２階,シ-37b,［音楽］テクノ・クラブ,DJ Myosukeが何か出す
HARDCORE TANO ＊ C,二展２階,シ-38a,［音楽］テクノ・クラブ,ハードコアテクノをつくります
C.H.S,二展２階,シ-38b,［音楽］テクノ・クラブ,t+pazolite(とぱぞらいと)による個人サークルです
IOSYS,二展２階,シ-39a,［音楽］テクノ・クラブ,インターネット老人会を代表する老舗の音楽サークルやらしてもらってます！
Notebook Records,二展２階,シ-39b,［音楽］テクノ・クラブ,RoughSketchによるレーベルです。新作を出します！出したい！
i,My Records,一展,Ｍ 10a,
RyuTatsukiMusic,,一展,Ｇ 03b,
うたうみずうみ。／千梨,カタログ,藍-01,［音楽］クラシック・ジャズ・環境音楽等,ファンタジー系のフリーBGMや物語音楽を頒布中。童話・伝承チックな雰囲気。シングルCD『ファントム・テイル -幻影譚-』頒布します！YouTubeで試聴できるのでぜひ聞いてみてくださいね！
カモのみぞれ煮,カタログ,藍-02,［音楽］クラシック・ジャズ・環境音楽等,「カモのみぞれ煮」の清白カモ(大根ダック)と申します 主にフリーBGMなどをYoutubeに投稿、Boothで頒布しています 1ヶ月に1～２曲を目途に投稿・頒布中！ 作成傾向：ポップス、ジャズ、EDM、戦闘曲など
想謳×律結 心 庵 - こころあん -,カタログ,藍-03,［音楽］クラシック・ジャズ・環境音楽等,媛貴の個人活動サークルで一次創作の楽曲制作やボイスドラマの制作をしております。
RoyReine,カタログ,藍-04,［音楽］クラシック・ジャズ・環境音楽等,物語音楽からポップス、民族音楽、ロックなど幅広い楽曲で作品の世界を表現する楽曲を制作しています！
アイリッシュバンド コールタ,カタログ,藍-05,［音楽］クラシック・ジャズ・環境音楽等,アイルランド及び北欧地域の伝統音楽を中心に演奏を行っています。昨年は結成10周年を記念した1stアルバムをリリース。M3では音源販売を行います。CD通販（郵送）も承ります。
ヴェネツィアの風,カタログ,藍-06,［音楽］クラシック・ジャズ・環境音楽等,主にケルト・アイリッシュに近い、三拍子、ゲームミュージック風のインストを作っています。楽曲と物語がセットになったアルバムを制作しています。たまに歌ものもあります。
Avena giocare,カタログ,藍-07,［音楽］クラシック・ジャズ・環境音楽等,民族音楽、オルゴールなどのオリジナルインストサークル。ゆったり系多め
ちょこミカ,カタログ,藍-08,［音楽］クラシック・ジャズ・環境音楽等,全てオリジナル曲。ストーリー付きクラシック、フリモメン・宮舞モカ、インスト（動画用BGM）など
MUSIRISCA,カタログ,藍-09,［音楽］クラシック・ジャズ・環境音楽等,造語多重コーラス楽曲を中心に、 クラシック、 エスニック、フォーク・ポップ、エレクトロニック・ミュージックなど様々なスタイルを自由自在に取り入れた、Yuria Miyazonoのオリジナル・ファンタジア・コレクション
遙か薄命,カタログ,藍-10,［音楽］クラシック・ジャズ・環境音楽等,"主にアコースティックギターを中心とした音楽。所属バンド：アコースティックバンド『iifii』、３ピースインストバンド『遙か薄明』、他。
2025.4.27 PM 新曲うｐしました＼(^o^)／"
まじっくあわ～,カタログ,藍-11,［音楽］クラシック・ジャズ・環境音楽等,「まじっくあわ～」はネットの片隅でほそぼそと活動しているサークルです。ウェブサイト上での作品の公開や、東方二次創作、オリジナルを題材としたコンテンツ製作を行っています。
K-Real Factor,カタログ,藍-12,［音楽］クラシック・ジャズ・環境音楽等,既存の音楽ルール＋森羅万象の音を、現代テクノロジーで脱構築していくプロジェクト。音楽自由至上主義を掲げ、見落とされた響きを探し求める。
ウチナキレコード,カタログ,藍-13,［音楽］クラシック・ジャズ・環境音楽等,「少し泥臭く、懐かしい唄を。」創作民族系・コーラス・土っぽいあれこれを歌っています。
Emughen,カタログ,藍-14,［音楽］クラシック・ジャズ・環境音楽等,ファンタジー、多重録音、ゲーム音楽が好き。素材として使用できるBGMをお取り扱いしています。
まりもんすくえあ,カタログ,藍-15,［音楽］クラシック・ジャズ・環境音楽等,"シネマティックなオーケストラ楽曲（怪獣音楽、SF系）など、様々な劇伴楽曲と歌モノを作って公開しています。
noteの記事に情報をまとめましたので、是非お越しください！"
キイロ洋食店,カタログ,藍-16,［音楽］クラシック・ジャズ・環境音楽等,"🦒4/26(土)21:00、
約2年ぶりの新曲「夜明けのうた」を公開しました！！🦒
コンポーザーritoka、作詞/ボーカルjuriの""ココロあったか系音楽ユニット""【きりんポトフ】です。親子で楽しめる朗らかな音楽を中心に、様々なジャンルに挑戦中！どうかあなたにも届くと嬉しいです。"
m:cafe-mikaRing の音楽小部屋 -,カタログ,藍-17,［音楽］クラシック・ジャズ・環境音楽等,"風景が見える音楽を作っています。ファンタジーオーケストラ、BGMなど。
当日はT-14ab「彩音〜xi-on〜」にて売り子してます。
「Fragment of Fantasy」(13曲入¥800)「GALAXY」(5曲入¥500)持っていきます！"
EverlastingTale,カタログ,藍-18,［音楽］クラシック・ジャズ・環境音楽等,エスニック民族風・ファンタジー物語音楽・BGM素材。多重コーラスと造語、笛やハープなど。
東京猿合奏 ／ T okyo Sargasso Studio,カタログ,藍-19,［音楽］クラシック・ジャズ・環境音楽等,"【東京猿合奏 1st EP 「Sargasso in the Sky」 BOOTHにて販売中】
ちょっとJazzyでちょっとFunkyでちょっとFusionなTOKYO SOUND｜夫婦が会社員をやりながらゆるっと音楽制作しています
----------------
【最新ミックス提供作品】歌い手 晴るさんがリリースしたオリジナル曲第二弾「水族館のダンス」のレコーディング、ミックス/マスタリングを担当しました。上記リンクから聞けます
----------------
【過去作品】“アラサーに刺さる「あの頃」系ポップス”全10曲入りコンピレーションアルバム「おもいでのアルバムVol.1」（by 年長さん）BOOTHにて販売中"
烏兎怱々レコード,カタログ,藍-20,［音楽］ポップス,テクノポップユニット「にせものぱんだ」の新譜、4人組バンド「ピログラ」の新譜があります！
Musk5cc,カタログ,藍-21,［音楽］ポップス,レトロ感が漂うサウンドのエレガンス系女性アイドルグループ風の楽曲です。（歌い手：Synthesizer V）
b q スタヂオ,カタログ,藍-22,［音楽］ポップス,"bqスタヂオです。
今年は無配やります。"
Negative piaNo,カタログ,藍-23,［音楽］ポップス,佳夏の個人サークルです。女性ボーカルの新譜をオンラインショップにて頒布予定！
naisyonote,カタログ,藍-24,［音楽］ポップス,澄往ないしょの個人サークルです。「あなたのための魔法」をテーマにしたオリジナル曲を頒布予定です。
RiCO,カタログ,藍-25,［音楽］ポップス,名古屋を拠点に活動するボーカルです。凛として繊細で切なくやさしい女性ボーカル楽曲をお届けします。新譜製作中です！
CultTeacup,カタログ,藍-26,［音楽］ポップス,星空とか痛みとか
Dragon Mountain,カタログ,藍-27,［音楽］ロック,東京都在住の作曲家です。DTMでオリジナルのオルタナティブ・ロック、アート・ロック系の楽曲を製作しています。
神風姫,カタログ,藍-28,［音楽］ロック,SynthesizerVを使って「ヴィジュアルメタルゲーム音楽」を自称して活動しています。
axelu EDM,カタログ,藍-29,［音楽］テクノ・クラブ,EDMを流行らせたいただその一心です。Progressive HouseでキラキラEDMを楽しんでください。
KodamaSounds,カタログ,藍-30,［音楽］テクノ・クラブ,KodamaSoundsはデジタルオリジナルアルバムとアレンジアルバムを製作するサークルです。
UFS Records,カタログ,藍-31,［音楽］テクノ・クラブ,カタログ掲載のみですがだいたい12年ぶりのM3参加です。全曲異なった趣旨のハードコアテクノで埋め尽くすアルバムをリリースします、よろしくお願いします。
CAFFEINED,カタログ,藍-32,［音楽］テクノ・クラブ,"無心へといざなう一杯を - Deep Sci-fi Beats
今回はデジタルカタログのみ参加のため、CD頒布はございません。
開催当日、当チャンネルにてフルアルバムを公開します。"
Afternoon Breaks,カタログ,藍-33,［音楽］テクノ・クラブ,メロディ主体の電子音楽（インスト曲）を中心に制作しています。
C-media records,カタログ,藍-34,［音楽］テクノ・クラブ,"Trance、Drum'n bass、House等の楽曲を収録した「SYNERGY」シリーズや、
CYBERPUNKをコンセプトにした「EMERGENCY CYBERPUNK」シリーズ等の各種作品を制作しています。
5/6（火）まで期間限定でBOOTHでのダウンロード販売や売り切れ作品の再販を行っております。
お得な価格のセット商品もございますので、この機会にぜひお買い求めくださいますと幸いです。"
Pure,カタログ,藍-35,［アニメ・ゲーム］アニメソング,私は音楽プロデューサーで、アンビエントやインストゥルメンタルの感情的な音楽を作っています。
Dulcets,カタログ,藍-36,［アニメ・ゲーム］アニメソング,独自性があり、魅力的な日本のアニメソング、J-pop、J-Rock、そしてBGMの制作に専念しています。エキサイティングなテーマソングから心に響く挿入歌まで、私たちのチームはすべての音符を丁寧に磨き上げます。
Y.Sato ( れぷるのぺーじ ),カタログ,藍-37,［アニメ・ゲーム］レトロゲーム,"2006年からスーファミで音楽を作っています。ゲーム風の曲だけでなく、クラシック音楽やロシア民謡等のアレンジ、それに似た雰囲気のオリジナル曲も作っています。
新潟からやっています。
ゲームインパクト様のゲームセンターインパクト（YouTube配信、FMみはら［地上波ラジオ］）のオープニング曲を制作しました。YouTubeではほぼ毎日21:00頃から、ラジオでは水曜日の17:40頃からいつも流れています。
また、最近は地元（新潟）のイベント等からも声がかかるようになり、今年3月には「がたふぇす Vol.15（第15回 にいがた アニメ・マンガフェスティバル）」に出場しました。
先日、「新潟ゲームフェスティバル × インディゲームマーケット in 新潟」出場がきっかけで、にいがた速報（ガタ子）で活動が紹介されました。
また、現在、大きな話がいくつか進行しています。"
堕武者グラインド,カタログ,藍-38,［アニメ・ゲーム］東方 Project,異文化乱入系グラインドコアバンドです。エクストリームミュージックに親しみの無い方でも安心して楽しめる、轟音と絶叫から流麗なメロディが滲み出るような東方グラインドコアアレンジをお届けします。2025年5月5日に新譜「思い出を壊そう、曇天の桜の下で君と」リリース。能登半島地震復興支援企画「酔いどれ狸が能登を往く」売上は全て能登に寄付します⇒https://ochimusyagrind.wixsite.com/ultraviolence/discography/prayfornoto
えびのスタジオ,カタログ,藍-39,［アニメ・ゲーム］VOCALOID,オリジナル曲制作。穏やかめのアコギ入りポップスなど作っています。歌は音声合成ソフトに歌ってもらっています。よろしくお願いします。
rainbeek,カタログ,藍-40,［アニメ・ゲーム］VOCALOID,【自己満足】（じこまんぞく）とは、自分自身の言動に対して、自分で満足すること。心理学用語の一つで、客観的な評価に関係なく自分自身が満足している状態を指す。﻿
ちびファイさんとこ,カタログ,藍-41,［アニメ・ゲーム］VOCALOID,さとうささらとすずきつづみが歌うオリジナル曲を頒布します。
Telunascoape ／結み紬,カタログ,藍-42,［音響］ドラマ・トーク（放送劇・声優等）,ボイスドラマサークル「結み紬(むすみつむ)」と音楽サークル「Telunascoape(テルナスコープ)」の合同サークル。BOOTHでシチュエーションボイスドラマをDL販売中です。
